Product_Name,price,Rating
OCEANIC Cuisinière vitrocéramique 50 x50 - four convection naturelle - four 48L - blanc,269,
Oceanic - Cuisinière électrique - four convection naturelle avec grilloir et avec thermostat,249,
OCEANIC - OCEACE5060W2 - Cuisinière électrique - four convection naturelle avec grilloir et thermostat,239,
Cuisinière table induction BRANDT - BCI6658T - 3 zones - Four électrique - Pyrolyse - 57 L - A - L 60 x H 85 cm - Silver,579,
Cuisinière table induction BRANDT - BCI6658T - 3 zones - Four électrique - Pyrolyse - 57 L - A - L 60 x H 85 cm - Silver,579,
Cuisinière pose libre BEKO FSS57100GAC - 4 foyers vitrocéramiques - Four convection - 65 L - L 50 x H 85 cm - Gris anthracite,394,
"Cuisinière gaz OCEANIC OCEACG50GW - 4 feux - L49,8 xP61 xH 86 cm - Blanc",209,
Cuisinière induction CONTINENTAL EDISON CECI3FCB - 4 feux - L50XH85XP60cm - Noir,379,
BEKO - FSS53000DW - Cuisinière 50 cm -  3 Gaz + 1 Electrique - 60 L - Convection naturelle - Blanc,299,
"Brûleurs à gaz, Table de Cuisson en Acier Inoxydable, Brûleurs scellés Faciles à Nettoyer, Cuisinière en 4 Brûleurs",162,
"Table 2 plaques électriques, monophasé, 60/30 PCE, Gastro M",660,
"INDESIT IS5V4PHW/E - Cuisinière, Blanc, Table Vitrocéramique, 50cm, 4 zones de cuisson, Manettes, Four CN, Hydrolyse, 61L",359,
Cuisinière Vitrocéramique WHIRLPOOL- AXMT6534/IX - 4 foyers - 6400W -Four Chaleur Pulsée Pyrolyse - 57L - A - 60x60cm -Inox,549,
"Cuisinière mixte CONTINENTAL EDISON CECM60FCW - 3 feux gaz + 1 électrique - L59,8 x P61 xH83 cm - Blanc",249,
BEKO - FSS57100GW - Cuisinière 50 cm - 4 Vitrocéramiques - Four Convection - 60L - Blanc,294,
LA GERMANIA SM61DFN Cuisinière 2 Fours Noire,459,
CONTINENTAL EDISON Cuisinière piano four multifonctions catalyse 95L affichage digital L90 xH 85 cm  INOX,599,
"Cuisinière gaz OCEANIC OCEACG50GB - 4 feux - L49,8 xP61 xH 86 cm - Noir",229,
INDESIT-I6E6C1AE(W)/FR - Cuisinière Electrique - 4 Zones - 7000W - Four Multifonctions Catalyse - 59L - A - 60x60cm -Blanc,399,
Cuisinière induction CONTINENTAL EDISON CECI3FCS - 4 feux - L50XH85XP60cm - Silver,419,
Beko FSG52000DWC Cuisinière pose libre largeur : 50 cm profondeur : 60 cm hauteur : 85 cm avec système auto-nettoyant blanc,244,
Cuisinière gaz CONTINENTAL EDISON CECDF5060B3 -  4 feux - noir - L50 xP60 x H90 cm,409,
FAURE FCV6530CSA - Cuisinière table vitrocéramique-4 zones-8485W-Four électrique-Catalyse-56L-A-Silver,582,
CONTINENTAL EDISON Cuisinière piano four multifonctions catalyse 95L affichage digital L90 xH85 cm  NOIR MAT ET INOX,529,
"Cuisinière piano gaz CONTINENTAL EDISON CECP9060BODX - 5 feux - Bordeaux - L89,9 x P60,1 xH85cm",499,
"FAURE FCM656HPSA cuisinière table mixte gaz / électrique - 4 foyers - Four électrique - Pyrolyse - 54 L - A - L 60 x H 88,9 cm",588,
Cuisinière gaz CONTINENTAL EDISON CEDF5060IX3 -  4 feux - inox - L50 xP60 x H90 cm,379,
Piano de cuisson électrique BEKO - 6 gaz + 1 wok - 100 cm - PF335325DB,899,
Cuisinière piano gaz 3 fours électriques CONTINENTAL EDISON CECP903FIX 5 feux - Inox - Largeur 90 cm,769,
Cuisinière LA GERMANIA - sel9mn - 5 feux gaz - four électrique - multifonction - Noire,509,
SHOT CASE - BRANDT BCI6658T Cuisiniere table induction - 3 zones - Four électrique - Pyrolyse - 57 L - A - L 60 x H 85 cm - Silver,1000,
"Table 2 plaques électriques, monophasé, 60/30 PCE, Gastro M",660,
Cuisinière LA GERMANIA - sel9mx - 5 feux gaz - four électrique - multifonction - Inox,509,
SCHNEIDER - SCG71MFRC - Piano de cuisson - 7 feux Gaz - Wok - Largeur 100cm - 3 Fours électrique - Crème,1699,
Cuisinière LA GERMANIA - sel9mrv - 5 feux gaz - four électrique – multifonction - Vino,519,
SCHNEIDER - SCG71MFWR - Piano de cuisson - 7 feux Gaz - Wok - Largeur 100cm - 3 Fours électrique - Rouge bordeaux,1699,
SCHNEIDER - SCG71MFB - Piano de cuisson - 7 feux Gaz - Wok - Largeur 100cm - 3 Fours électrique - Noir,1699,
SCHNEIDER - SCG71MFXP - Piano de cuisson - 7 feux Gaz - Wok - Largeur 100cm - 3 Fours électrique - Inox,1699,
Cuisinière induction CONTINENTAL EDISON CECI3FCW - 4 feux - L50XH85XP60cm - Blanc,429,
Bosch - cuisinière électrique 66l 4 feux blanc - hkr39i120,643,
Cuisinière - BEKO - FSE58301BC -  50cm - 3 Inductions -  Multifonction - 6 Fonctions  dont Chaleur brassée -  60 L - Catalyse,494,
Cuisinière gaz CONTINENTAL EDISON CEDF6060IX1 -  4 feux - inox - L60 xP60 x H90 cm,399,
CUISINIÈRE E-COOKER 90 X 60 CM INOX - FOUR ÉLECTRIQUE MULTIFONCTION CAT GLEM - GE960CBIX2,796,
"Plaque Coup de feu - 4 plaques électriques - P700 - 10,4 kW - Baron -  -  x700xmm 700",2895,
Kaiser HC 93691 IR Cuisinière à induction XXL Cuisinière électrique 90 cm à induction 115L ,2999,
Kaiser Cuisinière Set EG 6374 w four à encastrer + KG 6357 table de cuisson à gaz,1377,
"Brûleurs à gaz, Table de Cuisson en Acier Inoxydable, Brûleurs scellés Faciles à Nettoyer, Cuisinière en 4 Brûleurs",162,
Kaiser HC 93691 IS Cuisinière électrique à induction 90 cm autonettoyante,2999,
FAURE CUISINIERE ELECTRIQUE 60x60 - 4 foyers radiants - Four électrique -  Multifonctio,668,
220V / 3400W cuisine à domicile électrique double plaque de cuisson à induction touchpad prise britannique,879,
